2 Men 4 Soul ,Spread Your Love ,Electronic ,Italy ,Irma Casa di Primordine ,12 - 33 RPM,Acid Jazz T - Parte 2,7 €,1996,,,
A Taste Of Honey ,Another Taste,Funk / Soul ,US,Capitol Records ,12 - 33 RPM ,Funky LP,5 €,1979,,,
A.K.A,Warning,Electronic,Italy,Drohm,12 - 33 RPM,Contemporary Dance,1.30 €,1996,,,
Aaliyah,Got To Give It Up,Electornic, Hip Hop ,UK,Atlantic,12 - 33 RPM,Contemporary Dance,9,1996,,,
Africa Djolé,Kaloum,Folk, World & Country,Germany,FMP,12 - 33 RPM,Afro Brasil A,10€,1980,,,
Africa Djolé,Percussion Music From Africa,Folk, World & Country,Germany,FMP,12 - 33 RPM,Afro Brasil A,14€,1978,,,
African Head Charge,My Life In A Hole In The Ground,Electronic, Reggae,UK,On-U Sound,12 - 33 RPM,Afro Brasil A,19€,1981,,,
African Suite ,African Suite ,Electronic, Funk / Soul ,Canada ,MCA Records ,12 - 33 RPM ,Funky LP,27 €,1980,,,
Afrique,Soul Makossa,Funk / Soul, Blues,US,Mainstream Records,12 - 33 RPM,Afro Brasil A,14€,1973,,,
Airto Moreira ,Latino / Aqui Se Puede,Jazz - Latin - Funk / Soul ,Puerto Rico ,Sobocode Records,12 - 33 RPM,Afro Brasil M,15 €,1984,,,
Airto Moreira ,Fingers,Jazz, Latin ,US,CTI Records,12 - 33 RPM,Afro Brasil M,10 €,1973,,,
Airto Moreira ,Brazillian Heatwave ,Jazz - Latin - , Folk, World & Country ,US,Accord,12 - 33 RPM,Afro Brasil M,15 €,1982,,,
Airto Moreira ,I'm Fine How Are You? ,Jazz - Latin ,Argentina ,Music Hall,12 - 33 RPM,Afro Brasil M,ND,1978,,,
Airto Moreira ,Touching You… Touching Me,Jazz - Latin ,US,Warner Bros. Records ,12 - 33 RPM,Afro Brasil M,15 €,1979,,,
Al Di meola ,Sequencer (Special 12 Mixes),Electronic - Jazz,US,Columbia,12 - 45 RPM,Fusion Jazz D,4 €,1984,,,
Al Dimeola Project ,Tirami Su ,Jazz,Canada,EMI,12 - 33 RPM,Fusion Jazz D,ND,1987,,,
Al Dimeola Project ,Soaring Through A Dream,Jazz,Europe ,Manhattan Records,12 - 33 RPM,Fusion Jazz D,5 €,1985,,,
Alain Band ,Hold Up,Electronic, Funk / Soul ,Italy ,Baby Reocrds ,7 - 45 RPM,Funk Mix B,6 €,1977,,,
Alessandro Novaga,Faces Drums ,Electronic ,US,Not On Label ,12 - 33 RPM ,Funk Mix,7 €,2011,,,
Amina Claudine Myers,In Touch,Jazz -  Funk / Soul,Europe,Novus,12 - 33 RPM,Soul Pop M,3 €,1989,,,
Andreas Vollenweider,Caverna Magica,Folk - World & Country ,Europe ,CBS,12 - 33 RPM,Fusion Jazz V,4 €,1983,,,
Andreas Vollenweider,Down To The Moon ,Electronic ,US,CBS,12 - 33 RPM,Fusion Jazz V,2 €,1986,,,
Andreas Vollenweider,…Behind The Gardens,Electronic ,Germany ,CBS,12 - 33 RPM,Fusion Jazz V,3 €,1981,,,
Andreas Vollenweider,White Winds,Electronic - Jazz - Classical - Folk - World & Country,Germany ,CBS,12 - 33 RPM,Fusion Jazz V,3 €,1984,,,
Andreas Vollenweider,Pace Verde (Music For Living Beings),Electronic ,US,CBS,12 - 45 RPM,Fusion Jazz V,3 €,1984,,,
Andreas Vollenweider,Dancing With The Lion ,Electronic - Rock ,Europe,CBS,12 - 33 RPM,Fusion Jazz V,7 €,1989,,,
Andy Narel,,,,,,,,,,,
Andy Narell,Light In Your Eyes,Jazz,US,Hip Pocket Records,12 - 33 RPM,Fusion Jazz N,4 €,1983,,,
Andy Narell,The Hammer,Jazz, Reggae,US,Windham Hill Jazz,12 - 33 RPM,Fusion Jazz N,3 €,1987,,,
Andy Narell,Slow Motion ,Jazz,US,Hip Pocket Records,12 - 33 RPM,Fusion Jazz N,4 €,1985,,,
Animal Nightlife,Shangri-La,Electronic, Funk / Soul,UK,Island Records,12 - 33 RPM,Soul Pop A,1 €,1985,,,
Animal Nightlife,Boys With The Best Intentions,Funk / Soul, Pop,UK,10 Records,12 - 45 RPM,Soul Pop A,1 €,1987,,,
Antena,Camino Del Sol,Electronic ,Italy,Base Record,12 - 33 RPM,Soul Pop A,46 €,1982,,,
Area Code 615,Stone Fox Chase,Rock, Funk / Soul ,UK,Polydor,12 - 33 RPM,Funk Mix A,ND,ND,,,
Art Ensemble Of Chicago ,Live At The 6th Tokyo Music Joy'90,Jazz,Japan ,DIW,12 - 33 RPM,ND,23 €,1990,,,
Atmosfear ,Dancing In Outer Space ,Funk / Soul ,UK,MCA Records,12 - 45 RPM,Funk Mix A,12 €,1979,,,
Azymuth,Outubro,Jazz,US,Milestone,12 - 33 RPM,Fusion Jazz A,17 €,1980,,,
Azymuth,Telecommunication,Electronic, Jazz,US,Milestone,12 - 33 RPM,Fusion Jazz A,10 €,1982,,,
Azymuth,Spectrum ,Electronic, Jazz,US,Milestone,12 - 33 RPM,Fusion Jazz A,13 €,1985,,,
Azymuth,Rapid Transit ,Jazz,US,Milestone,12 - 33 RPM,Fusion Jazz A,10 €,1983,,,
Azymuth,Live At The Copacabana Palace,Jazz, Rock, Funk / Soul ,France,SBA,12 - 33 RPM,Fusion Jazz A,35 €,1985,,,
Azymuth,Cascades,Jazz,US,Milestone,12 - 33 RPM,Fusion Jazz A,10 €,1982,,,
Azymuth,Flame,Electronic, Jazz,US,Milestone,12 - 33 RPM,Fusion Jazz A,10 €,1984,,,
Azymuth,Tightrope,Electronic, Jazz,US,Milestone,12 - 33 RPM,Fusion Jazz A,8 €,1986,,,
Azymuth,Light As A Feather ,Jazz,US,Milestone,12 - 33 RPM,Fusion Jazz A,28 €,1979,,,
Azymuth,Crazy Rhythm,Jazz,US,Milestone,12 - 33 RPM,Fusion Jazz A,7 €,1988,,,
B-Zet With Darlesia,Everlasting Pictures - ,Electronic,Germany,Eye Q Records,12 - 33 RPM,Mix,2€,1995,,,
B.T. Express ,Do It ('Til You're Satisfied) ,Funk / Soul ,Italy ,Voom Voom Music ,12 - 33 RPM ,Funky LP ,10 €,1974,,,
B.T. Express ,Non Stop ,Funk / Soul ,US ,Roadshow ,12 - 33 RPM ,Funky LP ,4 €,1975,,,
Babyra Soul,I Belong To You,Electronic,Italy,UjaMM'n,12 - 33 RPM,Acid Jazz B - Parte 3,2€,1996,,,
Babyra Soul,Babyra Soul,Electronic, Jazz, Funk / Soul, Blues,Italy,UjaMM'n,12 - 33 RPM,Acid Jazz B - Parte 3,4€,1996,,,
Baden Powell,Tristeza On Guitar ,Jazz, Latin ,Germany,MPS Records,12 - 33 RPM,Afro Brasil P,8 €,1975,,,
Baden Powell,Images On Guitar,Jazz, Latin ,France,MPS Records,12 - 33 RPM,Afro Brasil P,10 €,1972,,,
Baden Powell,Canta Vinícius De Moraes E Paolo César Pinheiro,Jazz, Latin ,France ,Disques Festival ,12 - 33 RPM,Afro Brasil P,8 €,ND,,,
Balck Box,Not Anyone ( Remix Kamasutra),Electronic,Italy,Groove Groove Melody,12 - 33 RPM,Contemporary Dance,13$,1994,,,
Barbara Higbie Quintet,,,,A&M Records,,,,,,,
Barrabas ,Heart Of The City ,Jazz, Rock, Funk / Soul ,Australia ,Atlantic ,12 - 33 RPM ,Funky LP ,1,96$,1975,,,
Barry White,Love is The Icon / Practice What You Preach,Electronic, Hip Hop, Funk, Soul,Italy,A&M Records,12 - 33 RPM,Contemporary Dance,30$,1995,,,
Basia,Time And Tide,Electronic, Jazz,UK,Portrait,12 - 33 RPM,Soul Pop B,5 €,1987,,,
Basia,Time And Tide,Electronic, Jazz, Pop,UK,Portrait,12 - 45 RPM,Soul Pop B,3 €,1987,,,
Basia,New Day For You,Electronic, Jazz, Pop,UK,Portrait,12 - 45 RPM,Soul Pop B,7 €,1987,,,
Basia,Cruising For Brusing,Electronic, Jazz,UK,Epic,12 - 45 RPM,Soul Pop B,13 €,1990,,,
Basia,Baby You're Mine (Berimbau Mix),Electronic ,Netherlands,Epic,12 - 45 RPM,Soul Pop B,3 €,1990,,,
Beaver & Krause ,Gandharva ,Electronic, Rock ,US,Warner Bros. Records ,12 - 33 RPM ,Funky LP ,8 €,1971,,,
Beethoven ,Concert No.5 (Emperor),Classical,Italy ,RCA,12 - 33 RPM,ND,4 €,1977,,,
Bengt Berger ,Bitter Funeral Beer,Jazz, Folk, World & Country ,Germany ,ECM Records,12 - 33 RPM,Afro Brasil B,45€,1982,,,
Biddu Orchestra,Eastern Man ,Funk / Soul ,Europe ,Epic ,12 - 33 RPM ,Funky LP ,5 €,1977,,,
Biddu Orchestra,Rain Forest ,Electronic, Funk / Soul ,Canada ,Columbia ,12 - 33 RPM ,Funky LP ,5 €,1976,,,
Bill Evans,The Alternative Man,Jazz,US,Blue Note,12 - 33 RPM,Fusion Jazz E,4 €,1985,,,
Bill Summers ,Straight To The Bank ,Funk / Soul ,UK,Prestige ,12 - 45 RPM,Funk Mix S,4 €,1978,,,
Bill Withers ,You Got The Stuff,Electronic, Funk / Soul ,US,Columbia ,12 - 33 RPM ,Funk Mix W,23 €,1978,,,
Billy Cobham ,Spectrum ,Jazz ,Italy ,Atlantic,12 - 33 RPM,Fusion Jazz C,10 €,1973,,,
Billy Frazier And Friends ,Billy Who?,Electronic, Funk / Soul,UK,Champagne Records ,12 - 45 RPM,Funk Mix F,17 €,1980,,,
Billy Higgins,,,,,,,,,,,
Bob James ,Hands Down ,Jazz,Spain ,CBS,12 - 33 RPM,Fusion Jazz J,6 €,1982,,,
Bob James ,Obession ,Electronic, Jazz,US,Warner Bros. Records,12 - 33 RPM,Fusion Jazz J,3 €,1986,,,
Bob James ,Sign Of The Times ,Jazz,UK,CBS,12 - 45 RPM,Fusion Jazz J,4 €,1981,,,
Bobby McFerrin ,Simple Pleasures ,Jazz, Pop ,US,EMI,12 - 33 RPM,Fusion Jazz M,4 €,1988,,,
Bobongo Stars,Makasi,Folk, World & Country ,France,Celluloid,12 - 33 RPM,Afro Brasil B,20€,1984,,,
Bombers ,(Everybody) Get Dancin',Funk / Soul ,US,Wast End Records,12 - 33 RPM,Funk Mix B,4 €,1979,,,
Bonjour Monsieur Basie,Kiss Like A Frenchman,Electronic ,UK,Wow Recordings,12 - 33 RPM,Mix,25000 L / 2€,1993,,,
Brain Jackson ,,,,,,,,,,,
Brooklyn Dreams ,Street Man ,Funk / Soul ,US,Millennium ,12 - 33 RPM,Funk Mix B,12 €,1978,,,
Brooklyn Friends,Philadelphia,Electronic,US,Nite Groovers,12 - 33 RPM,Contemporary Dance,3 €,1995,,,
Brothers Johnson ,Blam!!,Funk / Soul ,US ,A&M Records ,12 - 33 RPM ,Funky LP ,4 €,1978,,,
Bumblebee Unimited ,Sting Like A Bee,Electronic, Funk / Soul ,US ,RCA Victor ,12 - 33 RPM ,Funky LP ,17 €,1979,,,
C.J. & Co ,Devil's Gun ,Funk / Soul ,US,Westbound Records ,12 - 33 RPM ,Funky LP - C ,5 €,1977,,,
Candido,Jingo ,,,,,,,,,,
Carleen Anderson ,True Sprit,Reggae,UK,Circa,12 - 33 RPM,Acid Jazz A,9€,1994,,,
Carmel ,Everybody's Got A Little…Soul,Jazz, Funk / Soul,UK,London Records,12 - 33 RPM,Soul Pop C,4 €,1987,,,
Caroline Crawford ,My Name Is Caroline ,Funk / Soul ,US,Mercury ,12 - 33 RPM ,Funky LP - C ,16 €,1978,,,
Caron Wheeler,Livin' In The Light,Electronic, Funk / Soul,UK,RCA,12 - 45 RPM,Acid Jazz W,2 €,1990,,,
Caron Wheeler,UK Blak,Electronic, Hip Hop,UK,RCA,12 - 33 RPM,Acid Jazz W,2 €,1990,,,
Cat Stevens,Izitso,Electronic, Rock ,US,A&M reocrds,12 - 33 RPM,Italiana - Parte 3,2 €,1977,,,
Ceccarelli ,Ceccarelli ,Jazz, Funk / Soul ,France ,Bingow Records ,12 - 33 RPM,Fusion Jazz C,15 €,1978,,,
Cerrone ,Carrone IV - The Golden Touch ,Funk / Soul ,US,Cotillion,12 - 33 RPM ,Funky LP - C ,3 €,1978,,,
Cerrone ,Brigade Mondaine ,Electronic, Funk / Soul, Stage & Screen ,France ,Malligator ,12 - 33 RPM ,Funky LP - C ,7 €,1978,,,
Charles Earland ,Perceotions ,Jazz, Funk / Soul ,US,Mercury ,12 - 33 RPM ,Funk LP - E,7 €,1978,,,
Charlie Haden ,,,,,,,,,,,
Charlie Haden ,,,,,,,,,,,
Chick Corea ,Return To Forever ,Jazz,Germany ,ECM Records ,12 - 33 RPM,Fusion Jazz C,15 €,1972,,,
Chick Corea feat. Return To Forever ,Where Have I Known You Before ,Jazz, Rock ,Gerrnany ,Polydor ,12 - 33 RPM,Fusion Jazz C,10 €,1976,,,
Chick Corea feat. Return To Forever ,No Mystery ,Jazz, Rock ,UK,Polydor ,12 - 33 RPM,Fusion Jazz C,8 €,1975,,,
Chico Hamilton ,Nomad,Jazz, Funk / Soul ,US,Elektra ,12 - 33 RPM ,Funk LP,5 €,1980,,,
Chuck Brown & The Soul Searchers ,Any Other Way To Go?,Hip Hop, Funk / Soul,Germany ,Rhythm Attack,12 - 33 RPM,Soul Pop B,4 €,1987,,,
Cloud Nine,Millennium,Electronic,UK,Acid Jazz,12 - 33 RPM,Acid Jazz C,7€,1993,,,
Coaty De Oliviera ,Il Forro Brasiliano ,Latin, Folk, World & Country,US,Arion,12 - 33 RPM,Afro Brasil C,13 €,1976,,,
Codona,,,,,,,,,,,
Codona,,,,,,,,,,,
Codona,,,,,,,,,,,
Collin Walcott,,,,,,,,,,,
Collin Walcott,,,,,,,,,,,
Collin Walcott,,,,,,,,,,,
Collin Walcott,Grazind Dreams ,Jazz,Germany,ECM Records ,12 - 33 RPM,Afro Brasil V,15 €,1977,,,
Collina feat. L.T.J,Babe What's Going On,Electronic,Italy,Irma Casa Di Primordine,12 - 33 RPM,Mix,2€,1989,,,
Cristal ,Phonic ,Electronic, Latin, Funk / Soul ,France ,Crocos Records,12 - 45 RPM ,Funk Mix C,5 €,1977,,,
Crown Heights Affair ,Dancin',Funk / Soul ,US,De-Lite Records ,12 - 45 RPM ,Funk Mix C,7 €,1976,,,
D.C. LaRue ,The Tea Dance ,Funk / Soul ,Spain ,Pyramid ,12 - 33 RPM ,Funk LP - D,2 €,1977,,,
D*Influence,Midnite,Electronic, Funk / Soul,UK,EastWest Records America,12 - 33 RPM,Mix,2€,1995,,,
D*Note,Criminal Justice,Electronic ,UK,Dorado,12 - 33 RPM,Acid Jazz D,4€,1995,,,
D*Note,The Garden Of Earthly Delights,Electronic,UK,Dorado,12 - 33 RPM,Acid Jazz D,4€,1995,,,
D*Note,Iniquity Worker,Electronic,UK,Dorado,12 - 33 RPM,Acid Jazz D,2€,1994,,,
Dana Dawson ,Got To Give Me Love,Electronic, Funk, Soul,UK,EMI,12 - 45 RPM,Contemporary Dance,1.50 €,1995,,,
Darol Anger,Live At Montreux,Jazz, Classical, Folk, World, Country ,Europe ,Windham Hiil Records ,12 - 33 RPM,Fusion Jazz M - Parte 2,7 €,1985,,,
David Bowie ,The Rise And Fall Of Ziggy Stardust And The Spiders From Mars ,Rock ,US,RCA Victor ,12 - 33 RPM,Italiana - Parte 3,17 €,1975,,,
David Earle Johnson ,Time Is Free ,Electronic, Jazz, Rock,US,Vanguard,12 - 33 RPM ,Funk LP - E,15 €,1977,,,
David Sanborn,As We Speak,Jazz, Funk / Soul ,US,Warner Bors. Records,12 - 33 RPM,Fusion Jazz S,4 €,1982,,,
De' Lacy,Hideaway,Electronic ,Italy,Full Time Records,12 - 33 RPM,Contemporary Dance,4 €,1995,,,
Deborah Cox,Sentimental,Electronic, Hip Hop,US & Canada,Arista,12 - 33 RPM,Contemporary Dance,1.50 €,1995,,,
Decimo ,Theme From Shaft (Disco Version),Funk / Soul ,Italy ,EMI,12 - 45 RPM ,Funk Mix D,42 €,1978,,,
Dennis Coffey ,Back Home ,Funk / Soul ,US,Westbound Records ,12 - 33 RPM ,Funky LP - C ,10 €,1977,,,
Deodato ,Caravan ,Jazz, Funk / Soul ,Italy ,MCA Records ,12 - 33 RPM ,Funk LP - D,9 €,1975,,,
Deodato ,Il Meglio di Deodato N.2,Jazz,Italy ,MCA Records ,12 - 33 RPM ,Funk LP - D,ND,1976,,,
Dewey Redman ,,,,,,,,,,,
Diana,I Will Survive (The Club Mixes),Electronic,UK,EMI,12 - 33 RPM,Contemporary Dance,47,5$,1996,,,
Didier Lockwood,,,,,,,,,,,
Digital Underground,Walk Real Kool,Hip Hop,US,Critique,12 - 33 RPM,Contemporary Dance,1.20 €,1996,,,
Disco - Tex,Vol.1,Electronic,UK,Disco-Tex Records,12 - 33 RPM,Contemporary Dance,20000 L. / 3€,1995,,,
Disco Rubens D.J.,Freak Flic Band ,Electronic, Jazz, Funk / Soul, Folk, World & Country ,Italy,Flip Record ,12 - 33 RPM ,Funk Mix ,59 €,ND,,,
DJ Krush,Kemuri,,,,,,,,,,
DJ Shadow ,Lost & Found,Electronic, Hip Hop,UK,Mo Wax,12 - 33 RPM,Mix,12€,1994,,,
Dom Um Romao ,Hotmosphere,Jazz, Latin ,US,Pablo Records ,12 - 33 RPM,Afro Brasil R,18 €,1976,,,
Dom Um Romao ,Spirit Of The Times (Espirito Du Tempo),Jazz, Latin ,US,Muse Records ,12 - 33 RPM,Afro Brasil R,27 €,1975,,,
Dom Um Romao ,OM with Dom Um Romao ,Jazz,Germany,Japo Records,12 - 33 RPM,Afro Brasil R,18 €,1978,,,
Don Cherry,Codona 3,Jazz, Folk, World & Country,Spain,ECM Records,12 - 33 RPM,Afro Brasil C,15€,1984,,,
Don Cherry,Codona 2,,Germany,ECM Records,12 - 33 RPM,Afro Brasil C,16€,1981,,,
Don Cherry,Codona ,Jazz, Latin, Funk / Soul,Germany,ECM Records,12 - 33 RPM,Afro Brasil C,21€,1979,,,
Don Cherry,Eternal Now,Electronic, Jazz,UK,Sonet,12 - 33 RPM,Afro Brasil C,62€,1974,,,
Don Cherry,Orient ,Jazz,UK,Affinity,12 - 33 RPM,Afro Brasil C,36€,1982,,,
Don Cherry,Hear & Now,Jazz,US,Atlantic,12 - 33 RPM,Afro Brasil C,22€,1977,,,
Don Cherry,Brown Rice,Jazz, Folk, World & Country,Italy,EMI,12 - 33 RPM,Afro Brasil C,77€,1975,,,
Don Cherry,,,,,,,,,,,
Don Cherry ,Home Boy (Sister Out),Electronic, Jazz, Reggae, Funk / Soul ,France,Barclay,12 - 33 RPM,Afro Brasil C,16€,1985,,,
Don Cherry ,Music / Sangam,Jazz,France,Heavenly Sweetness,12 - 33 RPM,Afro Brasil C,17€,1982,,,
Don Cherry ,Relativity Suite,Jazz,UK,JCOA Records,12 - 33 RPM,Afro Brasil C,22€,1974,,,
Donald Byrd ,Places And Spaces,Jazz,Canada ,Blue Note ,12 - 33 RPM ,Funky LP ,33 €,1975,,,
Donna  Summer,I Feel Love ,Electronic ,Italy,Mercury,12 - 33 RPM,Contemporary Dance,20 €,1995,,,
Earth ,I've Had Enough,Electronic, Funk / Soul ,US,CBS,12 - 33 RPM,Funk Mix E,4 €,1981,,,
EBTG,Driving,Electronic, Hip Hop,UK,Blanco Y Negro,12 - 45 RPM,Contemporary Dance,17000 L. / 2$,1996,,,
Eddue Drennon ,It Don't Mean A Thing ,Funk / Soul ,US ,Casablanca ,12 - 33 RPM ,Funk LP - D,7 €,1978,,,
Eddy Grant,Massage Man ,Reggae, Funk / Soul ,Italy ,ICE,12 - 33 RPM,Italiana - Parte 3,7 €,1980,,,
Edgar Winter ,Above And Beyond ,Electronic ,UK,Blue Sky ,12 - 33 RPM ,Funk Mix W,12 €,1980,,,
Edikanfo ,The Pace Setters,Jazz, Funk / Soul, Folk, World & Country,US,Editions,12 - 33 RPM,Afro Brasil E,10 €,1981,,,
Edwin Birdsong ,Rapper Dapper Snapper ,Electronic, Funk / Soul,US,Salsoul Records,12 - 33 RPM,Funk Mix B,7 €,1980,,,
El Coco,Cocomotion ,Electronic ,Italy ,Derby ,12 - 33 RPM ,Funk LP - E,9 €,1977,,,
El Coco ,Mondo Disco ,Funk / Soul ,US,AVI Records ,12 - 45 RPM ,Funk Mix E,6€ / 2,5$,1977,,,
Elements,Illumination ,Jazz,US,Novus,12 - 33 RPM,Fusion Jazz E,5 €,1988,,,
Emerson ,Works (Volume 2),Jazz, Rock, Blues ,UK,Atlantic ,12 - 33 RPM,Italiana - Parte 3,5 €,1977,,,
Enzo Avitabile ,Black Out ,Electronic, Funk / Soul ,Italy ,EMI,12 - 45 RPM,Italiana - Parte 2,15 €,1986,,,
Erath Wind  & Fire,Gratitude ,Funk / Soul ,US,Columbia ,12 - 33 RPM ,Funk LP - E,6 €,1975,,,
Erath Wind  & Fire,Open Our Eyes ,Jazz, Funk / Soul ,US ,Columbia ,12 - 33 RPM ,Funk LP - E,6 €,1974,,,
Erath Wind  & Fire,Last Days And Time ,Jazz, Rock, Funk / Soul ,US,Columbia ,12 - 33 RPM ,Funk LP - E,6 €,1972,,,
Eric Clapton ,Just One Night ,Rock ,France ,RSO,12 - 33 RPM,Italiana - Parte 3,9 €,1980,,,
Erotic Drum Band ,Plug Me To Death ,Electronic ,Italy ,Black Sun Records ,12 - 33 RPM ,Funk LP - E,14 €,1978,,,
Eurythm!cs,1984 ( For The Love Of Big Brother),Electronic,US,RCA,12 - 33 RPM,Soul Pop E,20 €,1984,,,
Everything But The Girl,Come On Home,Pop,France,Blanco Y Negro,12 - 45 RPM,Soul Pop E,3 €,1986,,,
Fania All Stars,Social Change ,Jazz, Latin, Funk / Soul ,US,Fania Records,12 - 33 RPM,Afro Brasil F,11 €,1981,,,
Felá Anikulapo Kuti,Original Sufferhead,Funk / Soul ,Germany,Arista ,12 - 33 RPM,Afro Brasil JK,12 €,1981,,,
Felá Anikulapo Kuti,Black President,Jazz, Funk / Soul ,France ,Arista ,12 - 33 RPM,Afro Brasil JK,14 €,1981,,,
Fela Ransome Kuti,Open & Close,Jazz, Funk / Soul, Folk, World & Country ,Nigeria ,His Master's Voice,12 - 33 RPM,Afro Brasil JK,300 €,1971,,,
Fela Ransome Kuti,Alagbon Close,Jazz, Funk / Soul ,US,Knitting Factory Records ,12 - 33 RPM,Afro Brasil JK,16 €,1975,,,
Fela Ransome Kuti,Kalakuta Show ,Funk / Soul ,US,Makossa,12 - 33 RPM,Afro Brasil JK,95 €,1979,,,
Fela Ransome Kuti,Music Of Fela: Roforofo Fight,Funk / Soul ,US,Makossa ,12 - 33 RPM,Afro Brasil JK,55 €,1975,,,
Fela Ransome Kuti,Music Of Fela: Roforofo Fight,Jazz, Funk / Soul ,US,Makossa ,12 - 33 RPM,Afro Brasil JK,55 €,1975,,,
Fela Ransome Kuti,Live!,Funk / Soul ,US,Singpost,12 - 33 RPM,Afro Brasil JK,65 €,1971,,,
Fela Ransome Kuti ,Vol. 1&2,Jazz, Funk / Soul ,France ,Pathé,12 - 33 RPM,Afro Brasil JK,23 €,1977,,,
Fern Kinney ,Groove Me ,Electronic, Funk / Soul ,US,T.K. Disco ,12 - 33 RPM,Funk Mix K,3 €,1979,,,
Fever,Stading In The Shadows Of Love,Funk / Soul ,US,Fantasy ,12 - 45 RPM,Funk Mix F,3 €,1978,,,
Firefall,Luna Sea,Rock, Folk, World & Country ,US,Atlantic ,12 - 33 RPM,Italiana - Parte 3,4 €,1977,,,
Flora Purim ,Open Your Eyes You Can Fly,Jazz, Latin, Funk / Soul ,US,Milestone,12 - 33 RPM,Afro Brasil P,7 €,1976,,,
Flora Purim ,That's What She Said ,Jazz,US,Milestone,12 - 33 RPM,Afro Brasil P,4 €,1978,,,
Flora Purim ,Carry On ,Jazz,US,Warner Bros. Records,12 - 33 RPM,Afro Brasil P,5 €,1979,,,
Flora Purin,,,,,,,,,,,
Foxy,Hot Number ,Funk / Soul ,US,T.K. Disco ,12 - 45 RPM,Funk Mix F,2 €,1979,,,
Foxy ,Hot Numbers ,Funk / Soul ,US,Dash ,12 - 33 RPM ,Funk LP - F,3 €,1979,,,
Frankie Knuckles feat. Adeva,Too Many Fish,Electronic,US,Virgin,12 - 33 RPM,Contemporary Dance,1 €,1995,,,
Freak Power,Can You Feel It,Electronic,UK,4th & Brodway,12 - 33 RPM,Acid Jazz F - Parte 2,1€,1996,,,
Freak Power,Turn on Turn In, Cop Out,Electronic ,UK,4th & Brodway,12 - 33 RPM,Acid Jazz F - Parte 2,2€,1993,,,
Funk Revelation,Keep On Keeping On,Electronic, Funk / Soul,Italy,UjaMM'n,12 - 33 RPM,Mix,4€,1996,,,
Funkshun,Slip 'n' Slide,Electronic, Funk / Soul,UK,Soul Jazz Records,12 - 45 RPM,Mix,3€,1993,,,
Funky Company,Tendecy Of Love,Electronic, Jazz, Funk / Soul,Italy,Family Affair,12 - 33 RPM,Acid Jazz F ,5€,1996,,,
Gal Costa,Gal Canta Caymmi,Latin,Brazil,Philips,12 - 33 RPM,Afro Brasil C,11€,1976,,,
Galliano,Twyford Down,Electronic,UK,Talkin' Loud,12 - 33 RPM,Acid Jazz G,1€,1994,,,
Galliano,Power And Glory,Electronic, Funk / Soul,UK,Talkin' Loud,12- 45RPM,Acid Jazz G,2€,1991,,,
Galliano,Jus' Reach Recycled,Electronic,UK,Talkin' Loud,12- 45RPM,Acid Jazz G,1€,1992,,,
Galliano,:4,Electronic, Funk / Soul,UK,Talkin' Loud,12- 45RPM,Acid Jazz G,12€,1996,,,
Gary Criss ,Rio De Janeiro ,Jazz, Funk / Soul ,US,Salsoul Records ,12 - 45 RPM ,Funk Mix C,4 €,1977,,,
Gary's Gang ,Keep On Dancin',Funk / Soul,Europe ,CBS,12 - 33 RPM ,Funk LP,4 €,1979,,,
Gaz ,Sign Sing ,Electronic, Funk / Soul,Netherlands,Salsoul Records,12 - 45 RPM,Funk Mix G,7 €,1980,,,
George Adams Quintet,Paradise Space Shuttle,Jazz,Netherlands,Timeless Records,12 - 33 RPM,ND,13 €,1979,,,
Gianluca Mosole ,Tepore,Jazz,Italy ,Fonit Cetra ,12 - 33 RPM,Fusion Jazz M - Parte 2 ,11 €,1987,,,
Gigner Baker,,,,,,,,,,,
Gil Scott - Heron ,The Bottle ,Funk / Soul ,UK,Vintage Champagne Records,12 - 45 RPM,Funk Mix S,17 €,1981,,,
Ginger Baker,Stratavarious,Jazz, Folk, World & Country,US,ATCO Records,12 - 33 RPM,Afro Brasil B,14€,1972,,,
Ginger Baker & Friends,Eleven Sides Of Baker,Rock, Funk / Soul, Folk, World & Contry ,US,Sire,12 - 33 RPM,Afro Brasil B,4,97$ / 6€,1977,,,
Go.Go's,,,,,,,,,,,
Goody Goody,Goody Goody,Latin, Funk / Soul ,US,Atlantic ,12 - 33 RPM ,Funk LP,9 €,1979,,,
Graham Central Station ,Ain't No 'Bout-A-Doubt it ,Funk / Soul ,US,Warner Bros. Records,12 - 33 RPM ,Funk LP,4 €,1975,,,
Grandmaster Flash And The Furious Five,Superappin',Hip Hop, Funk / Soul ,US,Enjoy Records,12 - 33 RPM,Funk Mix G,11 €,1979,,,
Greyboy,Freestylin,Electronic,US,Ubiquity,12 - 45 RPM,Mix,5€,1993,,,
Groove Nation,The Album,Funk / Soul,UK,Nuff Tuff Music,12 - 33 RPM,Acid Jazz G - Parte 2,3€,1994,,,
Grover Washington Jr.,Inner City Blues,Jazz,US,Kudu,12 - 33 RPM,Fusion Jazz W,4 €,1971,,,
Guem ,Guem Et Zaka Percussion ,Jazz, Folk, World & Country ,France ,Le  Chant Du Monde,12 - 33 RPM,Afro Brasil Z,18 €,1977,,,
Guru,Jazzmatazz Volume II The New Reality,Hip Hop, Jazz,UK,Capitol Records,12 - 33 RPM,Artisti vari,45€,1995,,,
Gyan Nishabda,,,,,,,,,,,
Hamilton Bohannon ,Bohannon,Funk / Soul ,Italy ,Brunswick,12 - 33 RPM ,Funky LP ,7 €,1975,,,
Hamilton Bohannon ,On My Way ,Funk / Soul ,US,Mercury ,12 - 33 RPM ,Funky LP ,7 €,1978,,,
Hamilton Bohannon ,Insides Out ,Funk / Soul ,US,Dakar Records ,12 - 33 RPM ,Funky LP ,4,98$ / 5€,1975,,,
Hamilton Bohannon ,Dance Your Ass Off ,Electronic, Funk / Soul ,Italy ,Brunswick ,12 - 33 RPM ,Funky LP ,11 €,1976,,,
Hamilton Bohannon ,Gittin' Off,Funk / Soul ,US,Dakar Records ,12 - 33 RPM ,Funky LP ,9 €,1976,,,
Hamza El Din,Eclipse ,Folk, World & Country ,US,Pacific Arts ,12 - 33 RPM,Afro Brasil E,17 €,1978,,,
Harry Thumann ,Underwater ,Electronic, Funk / Soul ,Italy,Baby Records ,7 - 45 RPM,Funk Mix ,3 €,1979,,,
Harvie Swartz,Urban Earth,Jazz,Germany,Gramavision,12 - 33 RPM,Fusion Jazz S,5 €,1985,,,
Heliocentric World,Some Loves,Electronic,UK,Unheard Records,12 - 33 RPM,Mix,1€,ND,,,
Herb Alpert,Beynd,Electronic, Jazz,UK,A&M Records,12 - 33 RPM,Funk Mix A,5 €,1980,,,
Herb Alpert,Rotation,Electronic ,US,A&M Records ,12 - 33 RPM,Funk Mix A,6 €,1979,,,
Herbie Hancock,The Best Of Herbie Hancock,Jazz,Europe ,CBS,12 - 33 RPM ,Funk LP,6 €,1979,,,
Herbie Hancock,Magic Windows ,Electronic, Jazz ,Europe ,CBS,12 - 33 RPM ,Funk LP,10 €,1981,,,
Herbie Hancock,Man-Child,Jazz,US,Columbia,12 - 33 RPM ,Funk LP,9 €,1975,,,
Herbie Hancock,Future Shock,Electronic, Jazz,UK,CBS,12 - 33 RPM ,Funk LP,6 €,1983,,,
Horace Silver ,Silver 'N Percussion ,Jazz,US,Blue Note,12 - 33 RPM,Afro Brasil S,7 €,1978,,,
Idris Muhammad,For Your Love,Funk / Soul ,UK,Fantasy ,12 - 33 RPM,Funk Mix M ,8 €,1980,,,
il disco si trova nella custodia caravan ,,,,,,,,,,,
Incognito ,Don't You Worry 'Bout A Thing ,Electronic ,UK,Talkin' Loud,12 - 45 RPM,Acid Jazz I,4 €,1992,,,
Incognito ,Can You Feel Me,Electronic ,UK,Talkin' Loud,12 - 45 RPM,Acid Jazz I,2 €,1990,,,
Incognito ,Change,Electronic, Jazz,UK,Talkin' Loud,12 - 45 RPM,Acid Jazz I,2 €,1992,,,
Incognito ,Crazy For You,Electronic ,UK,Talkin' Loud,12 - 45 RPM,Acid Jazz I,2 €,1991,,,
Incognito ,Pieces Of a Dream,Electronic ,UK,Talkin' Loud,12 - 33 RPM,Acid Jazz I,2 €,1994,,,
Incognito ,I Hear Your Name,Electronic ,UK,Talkin' Loud,12 - 33 RPM,Acid Jazz I,2 €,1995,,,
Incognito ,Everyday,Electronic ,UK,Talkin' Loud,12 - 33 RPM,Acid Jazz I,4 €,1995,,,
Incognito ,Good Love ,Electronic ,UK,Talkin' Loud,12 - 33 RPM,Acid Jazz I,64$,1995,,,
Incognito ,Always There / Jump To My Love,Electronic ,UK,Talkin' Loud,12 - 33 RPM,Acid Jazz I,15$,1996,,,
Incognito ,Beneath The Surface,Electronic ,UK,Talkin' Loud,12 - 33 RPM,Acid Jazz I,30 €,1996,,,
Incognito feat. Jocelyn Brown,Always There,Electronic ,US,Talkin' Loud,12 - 33 RPM,Acid Jazz I,3 €,1991,,,
Incognito feat. Jocelyn Brown,Always There,Electronic ,UK,Talkin' Loud,12 - 45 RPM,Acid Jazz I,5 €,1991,,,
Inner Circle,Sweat (A La La La La Long),Reggae,US,Big Beat,12 - 33 RPM,Contemporary Dance,4 €,1993,,,
Innercolors,Grateful!,Electronic,UK,Acid pop Records,12 - 33 RPM,Contemporary Dance,17000 L. / 13$,1996,,,
Instant Funk ,I Got My Mind Made Up,Funk / Soul ,US,Salsoul Reocrds,12 - 33 RPM,Funk Mix I,5 €,1978,,,
Irakere,Chekeré  Son,Jazz,US,Milestone,12 - 33 RPM,Afro Brasil I,16 €,1982,,,
Isaac Hayes,New Horizon,Funk / Soul ,US,Polydor,12 - 33 RPM ,Funk LP,6 €,1977,,,
Isabelle Antena,En Cavale,Electronic, Jazz, Latin,Belgium,Les Disques Du Crépuscle,12 - 33 RPM,Soul Pop A,4 €,1986,,,
Ish ,Ish,Funk / Soul ,US ,Clouds,12 - 33 RPM ,Funk LP- I,8 €,1979,,,
Ivan Conti ,The Human Factor,Jazz, Latin ,US,Milenstone ,12 - 33 RPM,Fusion Jazz C,23 €,1984,,,
Izit,You're Losing Me,Electronic ,UK,Tongue And Groove Records,12 - 33 RPM,Acid Jazz I - Parte 2,2 €,1995,,,
Izit,Imaginary Man,Electronic ,UK,Tongue And Groove Records,12 - 33 RPM,Acid Jazz I - Parte 2,5 €,1995,,,
Jack DeJonhette ,,,,,,,,,,,
James Brown ,Live Hot On The One ,Funk / Soul ,France ,Polydor,12 - 33 RPM ,Funky LP ,9 €,1980,,,
James Brown ,Take a Look At The Cakes ,Funk / Soul ,US ,Polydor ,12 - 33 RPM ,Funky LP ,11 €,1978,,,
James Brown ,Revolution Of The Mind (Recorded Live At The Apollo Vol.III),Funk / Soul ,US ,Polydor ,12 - 33 RPM ,Funky LP ,9 €,1971,,,
James Brown ,Sex Machine ,Funk / Soul ,Italy ,Polydor ,12 - 33 RPM ,Funky LP ,20 €,1970,,,
James Brown ,Revolution Of The Mind (Recorded Live At The Apollo Vol.III),Funk / Soul ,US ,Polydor ,12 - 33 RPM ,Funky LP ,1,96$,1971,,,
James Brown ,Mutha's Nature,Funk / Soul ,US,Polydor ,12 - 33 RPM ,Funky LP ,19 €,1977,,,
James Brown ,People ,Funk / Soul ,US,Polydor ,12 - 33 RPM ,Funky LP ,10 €,1980,,,
James Brown ,Nonstop,Funk / Soul ,France ,Polydor ,12 - 33 RPM ,Funky LP ,11 €,1981,,,
Jamiroquai,Stilness In Time,Electronic ,UK,Sony Soho Square,12 - 45 RPM,Acid Jazz J,4 €,1995,,,
Jamiroquai,Light Years,Electronic, Funk / Soul,US,Work,12 - 33 RPM,Acid Jazz J,3 €,1995,,,
Jamiroquai,Half The Man,Electronic ,UK,Sony Soho Square,12 - 45 RPM,Acid Jazz J,4 €,1995,,,
Jamiroquai,Space Cowboy,Electronic ,US,Work,12 - 33 RPM,Acid Jazz J,8 €,1995,,,
Jamiroquai,Light Years,Electronic, Hip Hop,US,Work,12 - 33 RPM,Acid Jazz J,2 €,1996,,,
Jan Akkerman ,Can't Stand Noise ,Jazz,Netherlands,CBS,12 - 33 RPM,Fusion Jazz A,7 €,1983,,,
Janine,,,,,,,,,,,
Jean-Luc Ponty,Enigmatic Ocean,Electronic, Jazz, Rock,France,Alantic ,12 - 33 RPM,Fusion Jazz P,10 €,1977,,,
Jean-Michel Jarre,The Concerts In China,Electronic ,Germany,Polydor ,12 - 33 RPM,Italiana - Parte 3,5 €,1982,,,
Jean-Michel Jarre,Oxygène,Electronic ,France,Les Disques Motors ,12 - 33 RPM,Italiana - Parte 3,7 €,1979,,,
Jessica Lauren,Manos Arrriba,Jazz, Latin, Funk / Soul,Uk,Soul Jazz Records,12 - 45 RPM,Mix,2€,1993,,,
Jhelisa ,Galactica Moods,Funk / Soul ,UK,Dorado,12 - 33 RPM,Acid Jazz J - Parte 2,3 €,1995,,,
Jhelisa ,Galactica Rush (Limited Edition),Electronic ,UK,Dorado,12 - 12 - 33 RPM RPM,Acid Jazz J - Parte 2,63$,1994,,,
Jhelisa ,Galactica Rush,Electronic ,UK,Dorado,12 - 12 - 33 RPM RPM,Acid Jazz J - Parte 2,9 €,1994,,,
Jhelisa ,Sally's Knocking,Electronic ,UK,Dorado,12 - 33 RPM,Acid Jazz J - Parte 2,2 €,1992,,,
Jhelisa ,Galactica Rush,Electronic ,UK,Dorado,12 - 33 RPM,Acid Jazz J - Parte 2,3 €,1994,,,
Jim Morrison ,An American Prayer,Rock, Non-Music ,US,Elektra ,12 - 33 RPM,Italiana - Parte 3,15 €,1978,,,
Jim Pepper ,Comin' And Goin',Jazz,France ,Europa Records,12 - 33 RPM,Afro Brasil P,11 €,1983,,,
Jimi Hendrix ,10 LP Kassette,Rock ,Germany ,Musidisc,12 - 33 RPM,ND,12 - 33 RPM,ND,,,
Jimmy Cliff,Breakout (Remix '96),Electronic,Italy,New Music International,12 - 33 RPM,Contemporary Dance,1 €,1996,,,
Jimmy McGriff,It Feels So Nice (Do Not It Again),Jazz, Funk / Soul ,US,Groove Merchant ,12 - 45 RPM,Funk Mix M,10 €,1976,,,
Joe Jackson ,Night And Day,Rock,US,A&M Records,12 - 33 RPM,Soul Pop J,3 €,1982,,,
Joe Jackson ,Mike's Murder (The Motion Picture Soundtrack),Rock, Pop, Stage & Screen,Europe,A&M Records,12 - 33 RPM,Soul Pop J,3 €,1983,,,
Joe Mensah,The Afrikan Hustle,Funk / Soul, Folk, World & Country ,Ghana,Polydor,12 - 33 RPM,Afro Brasil M,30 €,1977,,,
Joe Tex,Don't Do Da Do ,Funk / Soul ,US,Handshake Records And Tapes ,12 - 33 RPM ,Funk Mix T,2 €,1981,,,
Johannes Schomoelling,The Zoo Of Tranquillity,Electronic ,Netherlands,Theta,12 - 33 RPM,Fusion Jazz S,12 €,1988,,,
John Martyn ,One World ,Rock, folk, World & Country ,Italy ,Island Records,12 - 33 RPM,Italiana - Parte 3,13 €,1977,,,
John Tropea ,Livin' In The Jungle ,Electronic ,US,T.K. Disco ,12 - 33 RPM ,Funk Mix T,15 €,1979,,,
Johnny Copeland (Cloud One) Orchestra ,Atmosphere Strutt,Electronic, Funk / Soul ,US,P&P Records,12 - 45 RPM,Funk Mix C,5 €,1976,,,
Johnny Dynell And New York 88,Jam Hot,Electronic, Funk / Soul ,US,Acme Music Corporation,12 - 45 RPM ,Funk Mix D,5 €,1983,,,
Jorge Ben,Forca Bruta,Latin,Brazil,Philips,12 - 33 RPM,Afro Brasil B,85€,1970,,,
Jorge Ben,Africa Brasil,Jazz, Latin, Funk / Soul ,Brazil ,Philips,12 - 33 RPM,Afro Brasil B,66€,1976,,,
Jorge Ben,Brasil,Latin, Funk / Soul,Brazil,Som Livre,12 - 33 RPM,Afro Brasil B,9€,1986,,,
Jorge Ben,Os Grandes Sucessos De Jorge Ben,Latin, Funk / Soul, Pop,Brazil ,Fontana,12 - 33 RPM,Africa Brasil B,12€,1981,,,
Jorge Ben,Jorge Ben,Jazz, latin,Italy,Sigla Quattro,12 - 33 RPM,Afro Brasil B,12€,1983,,,
José Roberto Bertrami ,Dreams Are Real ,Jazz,US,Milestone ,12 - 33 RPM,Fusion Jazz B,5 €,1986,,,
Julia Fordham,Porcelain,Jazz, Pop,UK,Circa,12 - 33 RPM,Soul Pop F,6 €,1989,,,
Keith Jarret,The Koln Concert ,Jazz,Germany ,ECM Records,12 - 33 RPM,Fusion Jazz J,40 €,1975,,,
Keith Jarret,Standards Vol.2,Jazz,Germnay ,ECM Records ,12 - 33 RPM,Fusion Jazz J,40 €,1985,,,
Kenny Dope Presents The Bucketheads,Got Myself Together,Electronic,US,Big Beat,12 - 33 RPM,Contemporary Dance,3 €,1995,,,
Kenny Dope Presents The Bucketheads,The Bomb! (These Sounds Fall Into My Mind),Electronic,UK,Big Beat / Henry Street Music,12 - 33 RPM,Contemporary Dance,10 €,1995,,,
Kenny Thomas ,Voices,Electronic,UK,Cooltempo,12 - 33 RPM,Soul Pop T,3 €,1991,,,
Krips,,,,,,,,,,,
L'Ensemble Amaro De Souza,Saudades Do Basil ,Latin, Folk, World & Country,France ,Arion ,12 - 33 RPM,Afro Brasil Vari,15 €,1973,,,
Lainz Meet Gaudi,Vinile,Electronic, Jazz, Funk / Soul,Italy,Black Note,12 - 33 RPM,Mix,1€,1994,,,
Lake & Palmer ,,,,,,,,,,,
Latif Khan,,,,,,,,,,,
Le Pamplemousse ,Gimie What You Got ,Funk / Soul ,US,AVI Records ,12 - 45 RPM,Funk Mix ,14 €,1976,,,
Lee Ritenour,Rio,Jazz,US,Elektra Musician,12 - 33 RPM,Fusion Jazz R,3 €,1982,,,
Lee Ritenour,Portrait,Jazz, Funk / Soul ,US,GRP,12 - 33 RPM,Fusion Jazz R,3 €,1987,,,
Leee John,Mighty Power Of Love,Electronic,UK,Freetown Inc,12 - 33 RPM,Contemporary Dance,3 €,1995,,,
Lester Bowie's Brass Fantasy  ,,,,,,,,,,,
Lingomania ,Riverberi ,Jazz,Italy ,Gala Records ,12 - 33 RPM,Fusion Jazz L,10 €,1986,,,
Liquid Gold,Mr. Groovy (It Feels So Nice),Funk / Soul,UK,Creole Records,12 - 33 RPM,Funk Mix L,3 €,1979,,,
Liquid Lounge ,Urban Soulscape,Electronic ,Germany,Scat!,12 - 33 RPM,Acid Jazz L,4 €,1995,,,
Lisa and Tori,People Hold On (The Illicit Mix),Electornic ,US,Not On Label,12 - 33 RPM,Contemporary Dance,15 €,1997,,,
Lisa Stansfield,Real Love ,Electronic, Pop,Germany,Arista,12 - 33 RPM,Soul Pop S - Parte 3,8 €,1991,,,
Loleatta Hollyway,Hit And Run ,Funk / Soul ,Italy ,Salsoul Records,12 - 33 RPM,Funk Mix B?,10 €,1979,,,
Luiz Bonfà,Jacaranda,Jazz, Latin, Funk / Soul ,US,Ranwood,12 - 33 RPM,Afro Brasil B,34€,1973,,,
Lyle Mays ,Lyle Mays ,Jazz,US,Geffen Records,12 - 33 RPM,Fusion Jazz M,10 €,1986,,,
Lyle Mays ,Streat Dreams,Electronic, Jazz,Germany ,Geffen Records,12 - 33 RPM,Fusion Jazz M,10 €,1988,,,
Lyle Mays ,,,,,,,,,,,
M'Boom,,,,,,,,,,,
Man Jumping ,Jumpcut ,Electronic ,UK,Cocreau Records ,12 - 33 RPM,Fusion Jazz M,20 €,1984,,,
manca disco - disco non nella sua custosdia ,,,,,,,,,,,
Mandingo Griot Society ,Mandingo Griot Society ,Funk / Soul, Folk, World & Country ,US,Flyng Fish,12 - 33 RPM,Afro Brasil M,18 €,1978,,,
Manu Dibango,Manu Dibango,Funk / Soul, Folk, World & Country ,France,Disques Festival ,12 - 33 RPM,Afro Brasil D,12 €,1971,,,
Manu Dibango,Bande  Originale Du Film Ceddo ,Folk, World & Country ,France,Fiesta,12 - 33 RPM,Afro Brasil D,40 €,1977,,,
Manu Dibango,Makossa Man ,Funk / Soul, Folk, World & Country ,France,Fiesta,12 - 33 RPM,Afro Brasil D,20 €,1973,,,
Manu Dibango,Makossa Music,Funk / Soul ,UK,Creole Records,12 - 33 RPM,Afro Brasil D,13 €,1975,,,
Manu Dibango,Soul Makossa ,Jazz, Funk / Soul, Folk, World & Country ,France ,Musidisc,12 - 33 RPM,Afro Brasil D,23 €,1979,,,
Manu Dibango,Ambassador,Jazz, Reggae, Funk / Soul ,France,CRC Records,12 - 33 RPM,Afro Brasil D,7 €,1981,,,
Manu Dibango,Waka Juju,Jazz, Funk / Soul ,France,CRC Records,12 - 33 RPM,Afro Brasil D,10 €,1982,,,
Marcio Montarroyos,Marcio Montarroyos / Stone Alliance,Jazz,Germany ,PM,12 - 33 RPM,Afro Brasil M,15 €,1977,,,
Marina Rei,Noi,Electronic, Pop,Italy,X-Energy Records,12 - 33 RPM,Mix,3€,1995,,,
Mario Biondi and The High Five Quintet,Handful of Soul,Jazz,Italy,Schema,12 - 33 RPM,,25 €,2006,,,
Mario Biondi and The High Five Quintet,This Is What You Are,Electronic, Jazz,Uk,Expansion,12 - 44,,24 €,2013,,,
Mary J. Blige ,Mary Jane (All Night Long),Electronic, Hip Hop ,Italy,ZAC Records,12 - 33 RPM,Contemporary Dance,3 €,1995,,,
Matt Bianco,Half A Minute,Jazz, Latin, Pop,UK,WEA,12 - 45 RPM,Soul Pop B,2 €,1984,,,
Matt Bianco,More Than I Can Bear (Remix),Electronic ,Europe,WEA,12 - 45 RPM,Soul Pop B,3 €,1985,,,
Matt Bianco,Indigo,Electronic ,Europe,WEA,12 - 33 RPM,Soul Pop B,2 €,1988,,,
Max Roach ,M'Boom,Jazz,US,Columbia ,12 - 33 RPM,Afro Brasil R,ND,1980,,,
Mica Paris ,Contribution ,Electronic, Jazz, Funk / Soul,UK,4th & Broadway,12 - 33 RPM,Acid Jazz P,4 €,1990,,,
Michael Watford,Say Someething,Electronic,UK,Not On Label,12 - 33 RPM,Contemporary Dance,2 €,1996,,,
Mike Brecker,,,,,,,,,,,
Mike Dunn,,,,,,,,,,,
Mike Marshall,,,,,,,,,,,
Miles Davis ,You're Under Arrest,Jazz, Rock, Funk / Soul ,Europe ,CBS,12 - 33 RPM,Fusion Jazz D,8 €,1985,,,
Miles Davis ,Tutu,Jazz,Europe ,Warner Bros. Records ,12 - 33 RPM,Fusion Jazz D,12 €,1986,,,
Miles Davis ,Amandla ,Jazz,Europe ,Warner Bros. Records ,12 - 33 RPM,Fusion Jazz D,8 €,1989,,,
Miles Davis ,Backyard Ritual ,Electronc, Jazz, Funk / Soul ,US,Warner Bros. Records ,12 - 45 RPM,Fusion Jazz D,3 €,1986,,,
Miles Davis ,Tutu,Electro, Future Jazz, Experimental,France,Warner Bros. Records ,12 - 45 RPM,Fusion Jazz D,12 €,1986,,,
Milton Nascimento ,Missa Dos Quilombos,Jazz, Latin, Folk, World & Country ,Brazil,Ariola,12 - 33 RPM,Afro Brasil N,8 €,1982,,,
Milton Nascimento ,Caçador De Mim,Latin ,France,Polydor,12 - 33 RPM,Afro Brasil N,5 €,1981,,,
Miroslav Vitous,Journey's End,Jazz,Germany,ECM Records,12 - 33 RPM,Fusion Jazz V,19 €,1983,,,
Miroslav Vitous,Magical Sheperd,Electronic, Jazz, Funk / Soul ,US,Warner Bors. Records,12 - 33 RPM,Fusion Jazz V,12 €,1976,,,
Modern Sound Corporation ,Safari ,Electronic ,US,Sunshine Sound Disco,12 - 33 RPM,Funk Mix M,9 €,1979,,,
Mondo Grosso,Invisible Man,Electronic ,Germany,99 Records,12 - 33 RPM,Acid Jazz M,8 €,1995,,,
Monkey Buisness,Ain't No Fun (Pre-Release),Electronic,UK,Dorado,12 - 45 RPM,Mix,1€,1992,,,
Monomono,The Down Of Awareness,Funk / Soul ,US,Capitol Records,12 - 33 RPM,Afro Brasil M,40 €,1974,,,
Montreux,Sign Language ,Electronic, Jazz,Germany ,Windham Hiil Records ,12 - 33 RPM,Fusion Jazz M - Parte 2,5 €,1987,,,
Mother Earth,Grow Your Own EP,Rock, Funk / Soul,UK,Acid Jazz,12 - 33 RPM,Mix,3€,1993,,,
Moving In The Right Direction,Slow And Easy,Electronic, Jazz, Funk / Soul,UK,Soul Jazz Records,12 - 45 RPM,Mix,2€,1993,,,
Moz-Art,Art Of Moz,Electronic, Jazz, Latin, Folk, World & Country ,Italy ,RCA,12 - 33 RPM,Afro Brasil M,22 €,1984,,,
Nafateri,So Relaxing,Hip Hop,UK,Profile Records,12 - 33 RPM,Mix,2€,1991,,,
Nana Vasconcelos ,,,,,,,,,,,
Nana Vasconcelos ,,,,,,,,,,,
Nana Vasconcelos ,,,,,,,,,,,
Nana Vasconcelos ,Saudades ,Jazz,Gemrany ,ECM Records ,12 - 33 RPM,Afro Brasil V,16 €,1980,,,
Natural Instinct,Look In To Your Soul,Electronic, Hip Hop,UK,Central City,12 - 33 RPM,Contemporary Dance,0.75 €,1995,,,
Nazaré Pereira ,À L'Olympia,Latin ,France,Cezame,12 - 33 RPM,Afro Brasil P,15 €,1981,,,
Nobukazu Takemura,Crescent EP,Electronic, Jazz,UK,Bellissima Records,12 - 33 RPM,Mix,5€,1994,,,
Norman Whitfield ,Car Wash (Original Motion Picture Soundtrack),Funk / Soul, Stage & Screen ,US,MCA Records ,12 - 33 RPM ,Funky LP ,7 €,1976,,,
Nuyorican Soul feat. George Benson,You Can Do It (Baby),Electronic, Jazz, Latin, Funk, Soul,US,Giant Step Records,12 - 33 RPM,Contemporary Dance,8 €,1996,,,
Nuyorican Soul feat. Jocelyn Brown & Roy Ayers,I Am The Black Gold of The Sun / Sweet Taers,Electronic ,UK,Talkin' Loud,12 45 RPM,Contemporary Dance,10 €,1997,,,
NW1 feat. Born 2B,The Band Played The Boogie,Electronic, Hip Hop,UK,Ninja Tune,12 - 33 RPM,Mix,2€,1991,,,
Oleta Adams,Never Knew Love,Electronic,UK,Fontana,12 - 33 RPM,Contemporary Dance,44$,1995,,,
Oleta Adams,The Rhythm Of Life (The Remixes),Electronic ,UK,Fontana,12 - 45 RPM,Contemporary Dance,19$,1995,,,
OM,,,,,,,,,,,
Osibisa,The Best Of Osibisa,Funk / Soul ,UK,MCA Records,12 - 33 RPM,Afro Brasil O,5 €,1971,,,
Outside ,The Rough And The Smooth ,Electronic, Jazz,UK,Dorado ,12 - 33 RPM,Acid Jazz O,12 €,1995,,,
Outside ,The Plan ,Electronic, Jazz,UK,Dorado,12 - 33 RPM,Acid Jazz O,9 €,1995,,,
Outside ,Movin' On,Electronic,UK,Dorado,12 - 33 RPM,Acid Jazz O,3 €,1993,,,
Pacific Blue ,Argentina Forever ,Funk / Soul ,US,Prelude Records ,12 - 33 RPM,Funk Mix ,5 €,1978,,,
Passport,Ataraxia,Jazz,Germany,Atlantic,12 - 33 RPM,Fusion Jazz P ,5 €,1978,,,
Passport,Cross-Collateral,Jazz, Funk / Soul,US,ATCO Records,12 - 33 RPM,Fusion Jazz P,5 €,1975,,,
Pat Metheny,80/81,Jazz,Germany ,ECM Records ,12 - 33 RPM,Fusion Jazz M - Parte 2,15 €,1980,,,
Pat Metheny,Work ,Jazz,Germany ,ECM Records ,12 - 33 RPM,Fusion Jazz M - Parte 2,6 €,1984,,,
Pat Metheny,Bright Size Life ,Jazz ,US,ECM Records ,12 - 33 RPM,Fusion Jazz M - Parte 2,11 €,1976,,,
Pat Metheny,As Falls Wichita So Falls Wichita Falls,Jazz ,US,ECM Records ,12 - 33 RPM,Fusion Jazz M - Parte 2,7 €,1981,,,
Pat Metheny,Rejoicing ,Jazz,Germany ,ECM Records ,12 - 33 RPM,Fusion Jazz M - Parte 2,17 €,1984,,,
Pat Metheny,Watercolors,Jazz,Germany ,ECM Records ,12 - 33 RPM,Fusion Jazz M - Parte 2,13 €,1977,,,
Pat Metheny,New Chautauqua,Jazz,US,ECM Records ,12 - 33 RPM,Fusion Jazz M - Parte 2,5 €,1979,,,
Pat Metheny Group ,Travels ,Jazz,Germany ,ECM Records ,12 - 33 RPM,Fusion Jazz M - Parte 2,15 €,1983,,,
Pat Metheny Group ,American Garage ,Jazz,Germany ,ECM Records ,12 - 33 RPM,Fusion Jazz M - Parte 2,9 €,1979,,,
Pat Metheny Group ,Pat Metheny Group ,Jazz,Germany ,ECM Records ,12 - 33 RPM,Fusion Jazz M - Parte 2,9 €,1978,,,
Pat Metheny Group ,Offramp,Electronic, Jazz,Germany ,ECM Records ,12 - 33 RPM,Fusion Jazz M - Parte 2,10 €,1982,,,
Pat Metheny Group ,The Falcon And The Snowman (Original Soundrack) ,Electroinc, Jazz, Stage & Screen ,UK,EMI America,12 - 33 RPM,Fusion Jazz M - Parte 2,6 €,1985,,,
Pat Metheny Group ,First Cirlce ,Jazz,Germany ,ECM Records ,12 - 33 RPM,Fusion Jazz M - Parte 2,9 €,1984,,,
Pat Metheny Group ,Still Life (Talking) ,Jazz,US,Geffen Records ,12 - 33 RPM,Fusion Jazz M - Parte 2,12 €,1987,,,
Paulinho Da Costa,Agora,Jazz, Latin,Germany,Original Jazz Classica,12 - 33 RPM,Afro Brasil B,10€,1991,,,
Pedro Casaldáliga,,,,,,,,,,,
Pedro Tierra,,,,,,,,,,,
Peter Brown ,Do Ya Wanna Get Funky With Me ,Funk / Soul ,Hong Kong,T.K. Records ,12 - 33 RPM ,Funky LP ,ND,1977,,,
Peter Gabriel ,Peter Gabriel ,Rock ,Italy ,Charisma,12 - 33 RPM,Italiana - Parte 3,10 €,1980,,,
Peter Tosh ,Mystic Man ,Reggae ,Germany,Rolling Stones Records,12 - 33 RPM,Italiana - Parte 3,5 €,1979,,,
Piece Of Mind,Accept It Like This,Electronic, Hip Hop,UK,Acid Jazz,12 - 45 RPM,Mix,2€,1991,,,
Pierre Moerlen's Gong ,Leave It Open ,Jazz, Rock,Germany ,Arista ,12 - 33 RPM,Fusion Jazz M - Parte 2,9 €,1981,,,
Pierre Moerlen's Gong ,Time Is the Key,Jazz, Rock ,US,Arista ,12 - 33 RPM,Fusion Jazz M - Parte 2,ND,1979,,,
Pierre Moerlen's Gong ,Downwind,Jazz,Italy ,Arista ,12 - 33 RPM,Fusion Jazz M - Parte 2,8 €,1979,,,
Pino Daniele ,Keep On Movin',Rock, Funk / Soul, Pop,Italy ,Bagaria,12 - 33 RPM,Italiana - Parte 2,14 €,1984,,,
Pino Daniele ,Vai Mò,Jazz, Rock, Blues ,Italy ,EMI,12 - 33 RPM,Italiana - Parte 2,15 €,1981,Le Flow,,
Pino Daniele ,Nero A Metà,Rock, Blues, Pop ,Italy ,EMI,12 - 33 RPM,Italiana - Parte 2,21 €,1980,Skinôtic,,
Pino Daniele ,Pino Daniele ,Rock, Blues,Italy ,EMI,12 - 33 RPM,Italiana - Parte 2,24 €,1979,Eloigne Ton Esprit,,
Pino Daniele ,Sciò,Rock ,Italy ,Bagaria ,12 - 33 RPM,Italiana - Parte 2,28 €,1984,Falling,,
Plucky,Use Me Up (Let Me Down),Electronic,Canada,Hi-Bias Records,12 - 33 RPM,Contemporary Dance,18 €,1996,Sois Donc Sex,,
Queen,The Game Tour,Rock,Japan,Cosa Records LTD,12 - 33 RPM,,30 €,2019,Prawns-Remix,,
Raw Stylus,Raw Stylus,Electronic,US,Geffen Records,12 - 33 RPM,Mix,1€,1995,Eléphants Roses,,
Ray Barretto,La Cuna,Jazz, Latin,US,CTI Records,12 - 33 RPM,Afro Brasil B,18€,1981,Sweet High,,
Ray Russel ,Why Not Now,Electronic, Jazz,Netherlands,Theta,12 - 33 RPM,Fusion Jazz R,8 €,1988,Meateaters,,
Remi,Running Miles,Electronic,UK,Big Cheese Recordings,12 - 33 RPM,Mix,2€,1992,Conquérants Du Monde,,
Repercussions,Promise Me Nothing,Electronic,UK,Reprise Records,12 - 33 RPM,Mix,2€,1995,L'Aria,,
Repercussions,Promise,Electronic,UK,Mo Wax,12 - 45 RPM,Mix,5€,1992,Boasta Reefa,,
Rhythm Outfit ,Keep Movin',Electronic,Italy,Lemon Records,12 - 33 RPM,Contemporary Dance,15 €,1996,Est-ce Que L'on Y Est Bien?,,
Rob Mounsey ,,,,,,,,,Righteous,,
Ronny Jordan,Get To Grips,Electronic,UK,Island Records,12 - 33 RPM,Mix,3€,1992,Bodoque,,
Rosie Gains,Mix,,Italy,Important Record,12 - 33 RPM,Contemporary Dance,ND,ND,Hold My Peace,,
Roy Ayers ,Africa Center Of The World ,Funk / Soul ,US,Polydor ,12 - 33 RPM ,Funky LP,10 €,1981,,,
Roy Davis Jr.,Gabrielle,House,US,Large Records,12 - 33 RPM,Contemporary Dance,15 €,1996,,,
Rubinstein ,,,,,,,,,,,
Rust DC,Present Rhythm Collision Vol.1,Electronic ,UK,Bohemian,12 - 33 RPM,Soul Pop R,20 €,1982,,,
Sade,Stronger That Pride,Jazz, Funk / Soul, Pop,Europe,Epic,12 - 33 RPM,Soul Pop S,14 €,1988,,,
Sade,Love Is Stronger Than Pride,Electronic, Funk / Soul ,UK,Epic,12 - 45 RPM,Soul Pop S,12 €,1988,,,
Sade,Never As Good As The First Time,Electronic, Jazz,UK,Epic,12 - 33 RPM,Soul Pop S,12 €,1986,,,
Sade,Is It A Crime?,Jazz, Pop,Europe ,Epic ,12 - 45 RPM,Soul Pop S,5 €,1985,,,
Sade,Smooth Operator,Jazz,UK,Epic ,12 - 45 RPM,Soul Pop S,620 £ / 4€,1984,,,
Sade,Paradise (Extended Remix),Electronic, Funk / Soul,UK,Epic,12 - 45 RPM,Soul Pop S,13 €,1988,,,
Sade,The Sweetest Taboo (Extended Version),Electronic, Funk / Soul,Europe ,Epic ,12 - 45 RPM,Soul Pop S,8 €,1985,,,
Sample Mafia,Promo Mixed,ND,ND,ND,12 - 33 RPM,Contemporary Dance,ND,ND,,,
Santana,25 Hits ,Rock ,Europe ,CBS,12 - 33 RPM,Italiana - Parte 3,5 €,1978,,,
Santana,Marathon,Jazz, Rock ,US,Columbia,12 - 33 RPM,Italiana - Parte 3,4 €,1979,,,
Schonherz And Scott,One Night In Vienna,Electronic, Jazz,Germany ,Windham Hill Records,12 - 33 RPM,Fusion Jazz S,8 €,1987,,,
Scott Cossu feat. Van Manakas ,Switchback,Jazz,US,Windham Hill Records,12 - 33 RPM,Fusion Jazz C,8 €,1989,,,
Sea Level ,Sneakers (Fifty - Four) ,Funk / Soul ,US,Capricorn Records ,12 - 33 RPM ,Funk Mix S,6 €,1979,,,
Seal,Newborn Friend,Electronic,UK,ZTT,12 - 33 RPM,Mix,1€,1994,,,
Sebastião Rocha,Brasil 99,Jazz, Latin ,France ,Playa Sounds,12 - 33 RPM,Afro Brasil R,20 €,1982,,,
Sergio Otanazetra,Bahia Africanismo,Latin ,France,Playa Sound ,12 - 33 RPM,Afro Brasil O,31 €,1983,,,
Shadowfax,The Dreams Of Children,Electronic, Jazz, Folk, World & Country ,US,Windham Hill Records,12 - 33 RPM,Fusion Jazz S,4 €,1984,,,
Shadowfax,Shadowdance,Jazz,Germany ,Windham Hill Records,12 - 33 RPM,Fusion Jazz S,8 €,1983,,,
Shay Jones,Only You,Electronic,US,Maxi Records,12 - 33 RPM,Contemporary Dance,1.30 €,1996,,,
Simply Red ,Fairground (The Remixes),Electronic ,Germany,EastWest,12 - 33 RPM,Soul Pop S - Parte 2,4 €,1995,,,
Simply Red ,Remembering The First Time (The Remixes),Electronic ,UK,EastWest,12 - 33 RPM,Soul Pop S - Parte 2,4 €,1995,,,
Simply Red ,Never Never Love (The Remixes),Electronic ,UK,EastWest,12 - 33 RPM,Soul Pop S - Parte 2,2 €,1996,,,
Sivuca ,Sivuca ,Jazz, Latin ,US,Vanguard,12 - 33 RPM,Afro Brasil S,35 €,1973,,,
Sivuca ,Live At The Village Gate,Jazz, Latin ,US,Vanguard,12 - 33 RPM,Afro Brasil S,7 €,1975,,,
Soul II Soul ,Jazzie's Groove,Electronic, Hio Hop, Jazz, Funk / Soul, Pop,US,Virgin,12 - 33 RPM,Acid Jazz S,3 €,1989,,,
Soul II Soul ,Keep On Movin Remix ,Electronic, Funk / Soul,UK,10 Records,12 - 45 RPM,Acid Jazz S,4 €,1989,,,
Soul II Soul ,Back To Life ,Funk / Soul ,US,Virgin ,12 - 33 RPM,Acid Jazz S,5 €,1989,,,
Soul II Soul ,People,Electronic, Funk / Soul,US,Virgin ,12 - 33 RPM,Acid Jazz S,3 €,1990,,,
Soul II Soul ,Just Right,Electronic, Hip Hop, Funk / Soul,UK,10 Records,12 - 45 RPM,Acid Jazz S,2 €,1992,,,
Soul II Soul ,Get a Life,Electronic, Hip Hop, Funk / Soul,UK,10 Records,12 - 45 RPM,Acid Jazz S,1 €,1989,,,
Soul II Soul ,A Dreams A Dream ,Electronic, Hip Hop,UK,10 Records,12 - 45 RPM,Acid Jazz S,1 €,1990,,,
Soul II Soul ,Joy,Funk / Soul,UK,10 Records,12 - 45 RPM,Acid Jazz S,1 €,1992,,,
Soul II Soul ,Joy,Electronic,US,Virgin ,12 - 33 RPM,Acid Jazz S,2 €,1992,,,
Soul II Soul ,I Care (Soul II Soul),Electronic,US,Virgin ,12 - 33 RPM,Acid Jazz S,2 €,1995,,,
Soul II Soul ,Wish ,Electronic, Hip Hop, Reggae, Funk / Soul,UK,Virgin ,12 - 33 RPM,Acid Jazz S,2 €,1995,,,
Soul II Soul ,Love Enuff,Electronic ,US,Virgin ,12 - 33 RPM,Acid Jazz S,2 €,1995,,,
Soul II Soul ,Keep On Movin',Electronic ,UK,Virgin ,12 - 33 RPM,Acid Jazz S,4 €,1996,,,
Soul II Soul feat. Rose Windross,Fairplay,Electronic, Hip Hop, Funk / Soul,UK,10 Records,12 - 45 RPM,Acid Jazz S,5 €,1988,,,
Squeeze,,,,,,,,,,,
Stanley Clarke,Just a Feeling ,Funk / Soul ,US,Nemperor Records,12 - 33 RPM,Funk Mix C,5 €,1979,,,
Stanley Clarke ,School Days ,Jazz ,Europe ,Embassy ,12 - 33 RPM ,Funky LP - C ,7 €,1982,,,
Stanley Clarke ,Rocks Pebbles and Sand ,Funk / Soul ,UK,Epic ,12 - 33 RPM ,Funky LP - C ,5 €,1980,,,
Stanley Turrentine,The Sugar Man,Jazz,US,CTI Records ,12 - 33 RPM,ND,6 €,1975,,,
Stephen Parsons ,Passion,Electronic, Pop,Netherlands ,Theta,12 - 33 RPM,Fusion Jazz P,6 €,1988,,,
Steps Ahead,Steps Ahead,Jazz,Germany,Elaktra Musician,12 - 33 RPM,Fusion Jazz S,8 €,1983,,,
Steps Ahead,Modern Times ,Electronic, Jazz,Europe ,Elektra Musician,12 - 33 RPM,Fusion Jazz S,8 €,1984,,,
Steps Ahead,Magnetic ,Jazz,Germany,Elaktra Musician,12 - 33 RPM,Fusion Jazz S,8 €,1986,,,
Steve Khan,Local Color ,Jazz, Latin ,US,Passport Jazz,12 - 33 RPM,Fusion Jazz - Artisti Vari ,7 €,1987,,,
Steven Reich ,Music For 18 Musicians,Classical,Germany ,ECM Records,12 - 33 RPM,Fusion Jazz R,60 €,1978,,,
Sting,Let Your Soul Be Your Pilot (The A & G Division Mixes),Electronic,UK,AM:PM,12 - 33 RPM,Contemporary Dance,99$,1996,,,
Sting ,,,,,,,,,,,
Stone Alliance,,,,,,,,,,,
Sudden Impact,Point Blank,Electronic, Jazz,UK,Soul Jazz Records,12 - 45 RPM,Mix,1€,1995,,,
Sue Ann,Sue Ann,Electronic ,US,Warner Bros. Records ,12 - 33 RPM,Funky LP,8 €,1981,,,
Summers Heat ,,,,,,,,,,,
Sydney Youngbloog (Young Disciples Remix),Wherever You Go,Electronic, Funk / Soul,UK,Circa,12 - 45 RPM,Acid Jazz J,2 €,1991,,,
Sylvester ,Stars ,Electronic, Funk / Soul ,US,Fantasy ,12 - 45 RPM,Funk Mix S,4 €,1979,,,
SymphonyOf The Air,,,,,,,,,,,
Talkingheads ,Remain In Light ,Electronic, Rock, Funk / Soul ,US,Sire,12 - 33 RPM,Italiana - Parte 3,29 €,1980,,,
Tania Maria,The Real Tania Maria: Wild!,Jazz, Latin ,Germany,Concord Jazz Picante ,12 - 33 RPM,Afro Brasil M,5 €,1985,,,
Tania Maria,Love Explosion ,Jazz, Latin ,US,Concord Jazz Picante ,12 - 33 RPM,Afro Brasil M,5 €,1984,,,
Tantra ,Hills Of Katmandu / Wishbone,Electronic ,Italy ,Philips ,12 - 45 RPM,Funk Mix T,16 €,1979,,,
The Africa '70,,,,,,,,,,,
The Africa '70,,,,,,,,,,,
The Africa '70,,,,,,,,,,,
The Africa '70,,,,,,,,,,,
The Africa '70,,,,,,,,,,,
The Africa '70,,,,,,,,,,,
The Alan Parsons Project ,I Robot ,Rock ,Germany ,Arista ,12 - 33 RPM,Funk Mix ,5 €,1977,,,
The Alan Parsons Projeect ,The Turn Of A Friendly Card,Rock ,Germany ,Arista ,12 - 33 RPM,Italiana - Parte 3,5 €,1981,,,
The Allman Brothers Band,Enlightened Rogues,Rock, Blues ,US,Capricorn Records ,12 - 33 RPM,Funky LP,4 €,1979,,,
The B-52's,Mesopotamia,Electronic, Rock,US,Warner Bros. Records,12 - 33 RPM,Soul Pop B,30$,1982,,,
The Big Cheese All Stars,I'm Gonna Love You (Remixes),Electronic, Jazz,France,Big Cheese Records,12 - 33 RPM,Acid Jazz B - Parte 2,5€,1996,,,
The Big Cheese All Stars (Compilation),Menu Kebab,Elecronic, Hip Hop, Jazz, Funk / Soul,France,Big Cheese Records,12 - 33 RPM,Acid Jazz B - Parte 2,20€,1996,,,
The Blackbyrds,Unifinished Business,Jazz, Funk / Soul ,US,Fantasy ,12 - 33 RPM ,Funky LP ,5 €,1976,,,
The Brand New Heavies,Original Flava,Electronic,UK,Acid Jazz,12 - 33 RPM,Acid Jazz B,8€,1994,,,
The Brand New Heavies,The Brand New Heavies,Electronic,UK,Acid Jazz,12 - 33 RPM,Acid Jazz B,11€,1990,,,
The Brand New Heavies,Dream On Dreamer,Electronic,UK,FFRR,12- 45RPM,Acid Jazz B,4€,1994,,,
The Brand New Heavies,Spend Some Time,Electronic, Funk / Soul, Pop,UK,FFRR,12 - 33 RPM,Acid Jazz B,2€,1994,,,
The Brand New Heavies,Close To You,Electronic,UK,FFRR,12 - 33 RPM,Acid Jazz B,2€,1995,,,
The Brand New Heavies,Mind Trips,Electronic ,US,Delicious Vinyl,12 - 33 RPM,Acid Jazz B,2€,1995,,,
The Brand New Heavies,Excursions: Remixes & Rare Grooves,Electronic, Funk / Soul, Pop,US,Delicious Vinyl,12 - 33 RPM,Acid Jazz B,13€,1995,,,
The Brand New Heavies,Dream Come True (Brand New Mix),Electronic,UK,Acid Jazz,12 - 33 RPM,Acid Jazz B,2€,1990,,,
The Brand New Heavies,Dream On Dreamer,Electronic,Italy,London Records,12 - 33 RPM,Acid Jazz B,1€,1994,,,
The Brand New Heavies feat. N'Dea Davenport,Stay This Way,Electronic,US,Delicius Vinyl,12 - 33 RPM,Acid Jazz B,20$,1991,,,
The Brand New Heavies feat. N'Dea Davenport,Stay This Way,Electronic,UK,Acid Jazz,12 - 33 RPM,Acid Jazz B,4€,1992,,,
The Brand New Heavies feat. N'Dea Davenport,Don't Let It Go To Your Head,Jazz, Funk / soul,UK,FFRR,12 - 33 RPM,Acid Jazz B,2€,1992,,,
The Brand New Heavies feat. N'Dea Davenport,Dream Come True,Funk / Soul,Netherlands,FFRR,12- 45RPM,Acid Jazz B,4€,1992,,,
The Chakachas,Jungle Fever / Cha Ka Cha ,Funk / Soul ,US,Polydor ,7 - 45 RPM,Funk Mix ,3 €,1971,,,
The Chick Corea Elektric Band,The Chick Corea Elektric Band,Jazz,Switzerland,GRP,12 - 33 RPM,Fusion Jazz C,ND,1986,,,
The Doors ,L.A. Woman ,Rock,Spain ,Elektra ,12 - 33 RPM,Italiana - Parte 3,20 €,1971,,,
The Doors ,,,,,,,,,,,
The Duke Of Burlington ,Flash,Jazz, Funk / Soul ,Italy ,Joker ,7 - 45 RPM,Funk Mix ,15 €,1976,,,
The Durutti Column,The Return Of The Durutti,Jazz, Rock,UK,Factory ,12 - 33 RPM,Soul Pop D,27 €,1986,,,
The Durutti Column,Lips That Would Kiss,Rock,Belgium,Factory Benelux,12 - 45 RPM,Soul Pop D,10 €,1980,,,
The Durutti Column,LC,Rock,Italy,Base Record,12 - 33 RPM,Soul Pop D,40£,1981,,,
The Durutti Column,Circuises And Bread,Electronic, Rock,Belgium,Factory Beneleux,12 - 33 RPM,Soul Pop D,17 €,1986,,,
The Durutti Column,Tomorrow,Electronic, Rock,Belgium,Factory Beneleux,12 - 45 RPM,Soul Pop D,7 €,1986,,,
The Durutti Column,Greetings Three,Electronic, Rock,Italy,Materiali Sonori,12 - 45 RPM,Soul Pop D,11 €,1986,,,
The Durutti Column,Vini Reilly ,Rock,UK,Factory ,12 - 33 RPM,Soul Pop D,70 €,1989,,,
The Fatback Band ,Yum Yum ,Funk / Soul ,Germany ,Polydor ,12 - 33 RPM ,Funk LP - F,ND,1975,,,
The Fatback Band ,Raising Hell,Funk / Soul ,US,Event Records Inc.,12 - 33 RPM ,Funk LP - F,9 €,1975,,,
The Fatback Band ,Man With The Band ,Funk / Soul ,UK,Polydor ,12 - 33 RPM ,Funk LP - F,6 €,1977,,,
The Floaters ,The Floaters ,Funk / Soul ,US,ABC Records,12 - 33 RPM ,Funk LP - F,5 €,1977,,,
The Headhunders ,Survival Of The Fittest ,Jazz, Funk / Soul,US ,Arista,12 - 33 RPM ,Funk LP,18 €,1975,,,
The Headhunders ,Straight From The Gate ,Jazz, Funk / Soul,US ,Arista,12 - 33 RPM ,Funk LP,15 €,1977,,,
The Incredible Bongo Band ,Bongo Rock ,Rock, Funk / Soul ,UK,DJM Records ,12 - 33 RPM ,Funky LP ,19 €,1975,,,
The J.B'.s,Rock Groove Machine ,Funk / Soul ,US,T.K. Disco,12 - 45 RPM,Funk Mix B ,5 €,1979,,,
The James Taylor Quartet,Killing Time Remix,Electronic, Hip Hop,UK,Urban ,12 - 45 RPM,Acid Jazz T,2 €,1990,,,
The James Taylor Quartet feat. Alison Limerick,Love Will Keep Us Together,Electronic ,UK,Acid Jazz,12 - 45 RPM,Acid Jazz T,3 €,1995,,,
The James Taylor Quartet feat. Noel McKoy,See A Brighter Day ,Electronic ,UK,Big Life,12 - 33 RPM,Acid Jazz T,2 €,1993,,,
The Jazz Defektors,The Jazz Defektors,Electronic ,UK,Factory ,12 - 33 RPM,Soul Pop J,10 €,1988,,,
The K-Creative and Perception,Out And About EP,Electronic,UK & Europe,Talkin' Loud,12 - 33 RPM,Mix,2€,1992,,,
The New J.B.'s,,,,,,,,,,,
The Players Association ,Turn The Music Up!,Funk / Soul ,US,Vanguard ,12 - 33 RPM,Funk Mix,8 €,1979,,,
The Police ,Brimstone & Teacle (Original Soundtack Album),Electronic, Rock, Stage & Screen,US,A&M Records,12 - 33 RPM,Soul Pop P,4 €,1982,,,
The Police ,Roxanne,Rock,Germany,A&M Records,12 - 45 RPM,Soul Pop P,13 €,1986,,,
The Police ,Live In Paris,Rock, Pop,Italy,Not On Label (The Police),12 - 33 RPM,Soul Pop P,25 €,1980,,,
The Police ,Outlandos D'Amour,Rock,US,A&M Records,12 - 33 RPM,Soul Pop P,10 €,1979,,,
The Police ,Can't Stand Losing You (Live),Electronic, Rock,Europe,A&M Records,12 - 33 RPM,Soul Pop P,2 €,1995,,,
The Real Thing ,Boogie Down (Get Funky Now) (Special U.S. Disco Mix),Funk / Soul ,UK,Pye Records ,12 - 45 RPM,Funk Mix R,3 €,1979,,,
The Rolling Stones,Havana Moon,Rock,Europe,Eagle Vision,12 - 33 RPM,,57 €,2016,,,
The Sound Barrier ,The Suburbia Suite,Electronic, Jazz, Rock, Pop,UK,The Compact Organization,12 - 33 RPM,Soul Pop S - Parte 3,6 €,1985,,,
The Stranglers,Feline,Electronic, Rock,Europe ,Epic,12 - 33 RPM,Soul Pop S - Parte 3,8 €,1982,,,
The Style Council ,The Cost Of Loving ,Electronic, Jazz, Rock, Funk / Soul, Pop,UK,Polydor,12 - 5 RPM,Soul Pop S - Parte 4,7 €,1987,,,
The Style Council ,My Ever Changing Moods,Electronic, Rock, Pop,UK,Polydor,12 - 45 RPM,Soul Pop S - Parte 4,5 €,1984,,,
The Style Council ,Come To Milton Kynes,Electronic, Jazz, Rock, Funk / Soul, Pop,UK,Polydor,12 - 45 RPM,Soul Pop S - Parte 4,3 €,1985,,,
Think Twice,Got To Keep Moving,Electronic,UK,Internal Bass,12 - 33 RPM,Mix,4€,1995,,,
Titanic ,Greatest Hits,Rock, Funk / Soul ,Europe ,Embassy ,12 - 33 RPM,Italiana - Parte 3,4 €,1977,,,
Todd Phillips ,,,,,,,,,,,
Tom Scott,Target,Jazz, Funk / Soul, Blues,Germany,Atlantic ,12 - 33 RPM,Fusion Jazz S,4 €,1983,,,
Tony Esposito,Incontro Con ,Jazz, Rock ,Italy ,Numero Uno,12 - 33 RPM,Italiana,16 €,1978,,,
Tony Esposito,Tamburo ,Electronic, Latin, Pop ,Italy ,Bubble,12 - 33 RPM,Italiana,12 €,1982,,,
Tony Esposito,La Banda del Sole ,Electronic, Jazz, Pop ,Italy ,Philips ,12 - 33 RPM,Italiana,20 €,1978,,,
Tony Esposito,Tony Esposito,Jazz, Rock ,Italy ,Numero Uno ,12 - 33 RPM,Italiana,50 €,1974,,,
Tony Esposito,Processione sul Mare,Jazz, Rock ,Italy ,Numero Uno ,12 - 33 RPM,Italiana,28 €,1976,,,
Tony Scott,African Bird,Jazz,Italy ,Soul Note,12 - 33 RPM,Afro Brasil T,30 €,1984,,,
Tori Amos ,Professional Windows / Hey Jupiter,Electronic,Germany,Atlantic,12 - 33 RPM,Contemporary Dance,12 €,1996,,,
Touré Kunda ,Touré Kunda ,Reggae, Funk / Soul, Pop, Folk, World & Country ,Europe ,Celluloid,12 - 33 RPM,Afro Brasil T,10 €,1982,,,
Tri Atma,Shensucht Und Einklang,Electronic, Jazz. Folk, World & Country ,Germany,Erdenklang,12 - 33 RPM,Fusion Jazz T,16 €,1982,,,
Tullio De Piscopo ,Stop Bajon (Club Mix) ,Funk / Soul ,Italy ,Bagaria,12 - 33 RPM,Italiana,25 €,1984,,,
Tumblack,Tumblack ,Electronic, Funk / Soul, Folk, World & Country ,France ,Barcaly ,12 - 33 RPM,Afro Brasil T,43 €,1978,,,
UB40,UB40,Electronic, Raggae,UK,DEP International ,12 - 33 RPM,Soul Pop U,4 €,1988,,,
UB40,Baggariddim,Raggae,UK,DEP International,12 - 45 RPM,Soul Pop U,5 €,1985,,,
UB40,Don't Break My Heart,Reggae,UK,DEP International,12 - 45 RPM,Soul Pop U,3 €,1985,,,
UB40,If It Happens Again (Dance Mix),Raggae,UK,DEP International,12 - 45 RPM,Soul Pop U,4 €,1984,,,
Uele Kalabubu Et Sa Tribou,Afro Ground,Electronic, Funk /Soul ,Italy,Durium Start,12 - 33 RPM,Afro Brasil A,12€,1977,,,
United Future Organization ,I Love My Baby My Loves Jazz,Electronic,UK,Zero Corporation ,12 - 45 RPM,Acid Jazz U - Parte 2,6 €,1992,,,
United Future Organization ,Loud Minority,Electronic ,UK,Zero Corporation ,12 - 33 RPM,Acid Jazz U - Parte 2,6 €,1993,,,
Us3,Hand On The Torch ,Electronic, Hio Hop, Jazz,UK,Blue Note,12 - 33 RPM,Acid Jazz U,12 - 33 RPM4$,1993,,,
Uzeb ,Absolutely Live,Jazz,France,JMS,12 - 33 RPM,Fusion Jazz U,10 €,1986,,,
Uzeb ,Fast Emotion,Jazz,France,CREAM Records,12 - 33 RPM,Fusion Jazz U,5 €,1983,,,
Various,The Rebirth Of Cool 4 Most,Electronic, Hip / Hop,UK,4th & Broadway,12 - 33 RPM,Artisti Vari,45£,1994,,,
Various,Stolen Moments: Red Hot + Cool,Electronic, Hip Hop, Jazz,Europe,GRP,12 - 33 RPM,Artisti Vari ,48£,1994,,,
Various,Red Hot + Rio,Electronic, Hip Hop, Jazz, Latin,Europe,Antilles,12 - 33 RPM,Artisti Vari,27€,1996,,,
Various,Totally Wired 8,Electronic, Jazz, Funk / Soul,UK,Acid Jazz,12 - 33 RPM,Artisti Vari,7€,1992,,,
Various,The Amber EP,Electronic,Germany,99 Records,12 - 33 RPM,Mix,2€,1993,,,
Various ,Atmosheres ,Electronic, Jazz, Rock, Classical ,Netherlands ,Epic ,12 - 33 RPM,Fusion Jazz - Artisti Vari ,4 €,1986,,,
Various ,Windham Hill Records Sampler '88,Electronic, Jazz,US,Windham Hill Records,12 - 33 RPM,Fusion Jazz - Artisti Vari ,4 €,1988,,,
Various ,Baz Fe Jazz Presents Jazz Dance 5 - Impulsive!,Jazz, Latin, Funk / Soul ,UK,Affinity ,12 - 33 RPM,ND,8 €,1988,,,
Various ,Montreux Detroit International Jazz Festival ,Jazz, Funk / Soul ,US,Columbia Special Products ,12 - 33 RPM,ND,7 €,1981,,,
Various ,The Musicians Guide Volume 1,Jazz,US,Elektra Musician,12 - 33 RPM,ND,2 €,1982,,,
Various ,12 Inch - Original Versions Vol.1,Electronic, Jazz, Funk / Soul ,Italy ,K Record,12 - 33 RPM ,Funk Mix ,10 €,ND,,,
Various ,12 Inch - Original Versions Vol.2,Electronic, Jazz, Funk / Soul ,Italy ,K Record,12 - 33 RPM ,Funk Mix ,9 €,ND,,,
Various ,12 Inch - Original Versions Vol.3,Electronic, Jazz, Funk / Soul ,Italy ,K Record,12 - 33 RPM ,Funk Mix ,10 €,ND,,,
Various ,12 Inch - Original Versions Vol.4,Electronic, Jazz, Funk / Soul ,Italy ,K Record,12 - 33 RPM ,Funk Mix ,9 €,ND,,,
Various ,12 Inch - Original Versions Vol.5,Electronic, Jazz, Funk / Soul ,Italy ,K Record,12 - 33 RPM ,Funk Mix ,10 €,ND,,,
Various ,Untitled,Electronic, Funk / Soul ,UK,Records Ltd,12 - 33 RPM ,Funk Mix ,10 €,1989,,,
Various ,Disco Hits ,Funk / Soul ,Canada ,Mercator ,12 - 33 RPM ,Funk Mix ,7 €,1981,,,
Various ,Bota Bota Band - A Tribute To Maselli D.J,,Electronic, Funk / Soul ,Italy ,Bota Records ,12 - 33 RPM ,Funk Mix ,33 €,ND,,,
Various ,Woodoo Raeggae,Funk / Soul ,Italy ,Disco Soup Ltd,12 - 33 RPM ,Funk Mix ,50 €,1981,,,
Various ,Red Hot Disco Express ,Electronic, Funk / Soul ,Canada,Tee Vee Records ,12 - 33 RPM ,Funk LP - D,7 €,1979,,,
Various ,Hot Disco Night Vol.2,Funk / Soul ,Canada ,AVI Records ,12 - 33 RPM ,Funk LP,30 €,1979,,,
Variuos,The Rebirth Of Cool Too,Electronic, Hip Hop,UK,4th & Broadway,12 - 33 RPM,Artisti vari,10€,1992,,,
Variuos ,Colonna Sonora Originale del Film Orfeu Negro,Latin, Stage & Screen ,Italy ,Philips,12 - 33 RPM,Afro Brasil Vari,5 €,1959,,,
Vibes Ahead Alliance,The Bone,Electronic,Belgium,Vibes Ahead Records,12 - 45 RPM,Mix,2€,1992,,,
VIbraphonic feat. Alison Limerick,Trust Me,Electronic ,UK,Acid Jazz,12 - 45 RPM,Mix,2€,1993,,,
Wally Badarou,Chief Inspector,Electronic, Funk / Soul,US,Island Records,12 - 33 RPM,Soul Pop B,8 €,1986,,,
Wally Badarou,Words Of A Mountain,Electronic,UK,Island Records,12 - 33 RPM,Soul Pop B,15 €,1989,,,
War,Good Good Felin' ,Funk / Soul ,US,MCA Records,12 - 33 RPM ,Funk Mix W,3 €,1979,,,
Waymon Reed,46th And 8th,Jazz,US,Artists House,12 - 33 RPM,ND,3 €,1979,,,
Weather Report,Weather Report,Jazz,Europe,CBS,12 - 33 RPM,Fusion Jazz W,8 €,1982,,,
Weather Report,Heavy Wather,Jazz,US,Columbia,12 - 33 RPM,Fusion Jazz W,4 €,1977,,,
Weather Report,Sweetnighter,Jazz,US,Columbia,12 - 33 RPM,Fusion Jazz W,4 €,1973,,,
Weather Report,Black Market,Jazz ,Europe,Columbia,12 - 33 RPM,Fusion Jazz W,4 €,2002,,,
Weather Report,Weather Report,Jazz,US,Columbia,12 - 33 RPM,Fusion Jazz W,4 €,1971,,,
Weather Report,8:30,Jazz,US,ARC,12 - 33 RPM,Fusion Jazz W,5 €,1979,,,
Weather Report,Mr. Gone,Jazz,US,ARC,12 - 33 RPM,Fusion Jazz W,4 €,1978,,,
Weather Report,Procession ,Jazz,Europe,CBS,12 - 33 RPM,Fusion Jazz W,ND,1983,,,
Weather Report,Sportin' Life ,Jazz,US,Columbia,12 - 33 RPM,Fusion Jazz W,3 €,1985,,,
Wilfredo Stepherson ,An Ensemble Of Salsa Percussion ,Latin ,Sweden ,Amigo ,12 - 33 RPM,Afro Brasil S,30 €,1982,,,
William DeVaughn,Be Thankful For What You Got ,Jazz, Funk / Soul ,US,Roxbury Records ,12 - 33 RPM ,Funk LP - D,54 €,1974,,,
William DeVaughn ,Figures Can't Calculate The Love I Have For You ,Funk / Soul ,US,TEC Records ,12 - 33 RPM ,Funk LP - D,17 €,1980,,,
Wind & Fire,,,,,,,,,,,
Working Week,Working Nights,Jazz, Funk / Soul,Italy,Virgin,12 - 33 RPM,Soul Pop W,4 €,1985,,,
Working Week,I Thought I'd never See You Again,Jazz,UK,Virgin,12 - 33 RPM,Soul Pop W,2 €,1985,,,
Working Week,Companeros,Electronic, Jazz, Pop,Europe,Virgin,12 - 33 RPM,Soul Pop W,3 €,1986,,,
Working Week,Surrender,Electronic, Jazz, Pop,UK,Virgin ,12 - 33 RPM,Soul Pop W,3 €,1987,,,
Working Week,Don't Touch My Friend (Touche Pas A Mon Pote),Jazz, Funk / Soul,UK,Virgin ,12 - 33 RPM,Soul Pop W,3 €,1986,,,
Working Week,Storm Of Light,Jazz,UK,Virgin,12 - 45 RPM,Soul Pop W,2 €,1984,,,
Yellowjackets,Four Corners,Jazz,US,MCA Records,12 - 33 RPM,Fusion Jazz Y,3 €,1987,,,
Young Disciples,EP,Electronic, Funk / Soul,UK,Talkin' Loud,12 - 45 RPM,Acid Jazz J,2 €,1992,,,
Young Disciples,Get Yourself Together,Electronic, Hip Hop,UK,Talkin' Loud,12 - 45 RPM,Acid Jazz J,3 €,1990,,,
Young Disciples,Get Yourself Together,Electronic, Funk / Soul,UK,Talkin' Loud,12 - 33 RPM,Acid Jazz J,2 €,1991,,,
Young Disciples,Apparently Nothin',Electronic, Funk / Soul,UK,Talkin' Loud,12 - 45 RPM,Acid Jazz J,3 €,1991,,,
Young Disciples,EP Remix,Electronic, Funk / Soul,UK,Talkin' Loud,12 - 45 RPM,Acid Jazz J,2 €,1992,,,
Zaka Percussion ,,,,,,,,,,,
Zaka Percussion ,Space ,Jazz, Latin, Folk, World & Country ,France ,Le  Chant Du Monde,12 - 33 RPM,Afro Brasil Z,14 €,1982,,,
Zaka Percussion ,Lagos ,Jazz, Funk / Soul,France ,Le  Chant Du Monde,12 - 33 RPM,Afro Brasil Z,10 €,1984,,,
Ziggy Marley And The Melody Makers,Power To Move Ya,Electronic, Reggae,US,Elektra,12 - 33 RPM,Contemporary Dance,2.50 €,1995,,,
